{
    "input_features": [
        "Z",
        "Wall",
        "Overhang",
        "NoLines",
        "Power",
        "d_edge_right",
        "d_edge_left",
        "d_over_left",
        "d_over_right",
        "d_col",
        "d_over_z"
    ],
    "target_variables": [
        "meanLineIntensity",
        "meanNumPixels15"
    ],
    "val_scores": [
        535070588.38567495,
        551634941.9724518,
        672590617.9889503,
        620993986.2983426,
        570438629.6574585
    ],
    "r2_scores_all": [
        [
            0.8254106342792511,
            0.7687259167432785
        ],
        [
            0.8223021477460861,
            0.7536711990833282
        ],
        [
            0.8148704320192337,
            0.752727746963501
        ],
        [
            0.8311391770839691,
            0.7560838907957077
        ],
        [
            0.850807324051857,
            0.7835416942834854
        ]
    ],
    "average_mse": 590145752.8605757,
    "mse_std": 50306055.88675757,
    "average_r2_by_target": {
        "meanLineIntensity": {
            "mean": 0.8289059430360795,
            "std": 0.01214479880238954
        },
        "meanNumPixels15": {
            "mean": 0.7629500895738601,
            "std": 0.011790785782537167
        }
    }
}