{
    "input_features": [
        "d_edge_left",
        "d_edge_right",
        "NoLines",
        "d_over_left"
    ],
    "target_variables": [
        "meanLineIntensity",
        "meanNumPixels15"
    ],
    "val_scores": [
        1416663820.6942148,
        1390841797.8181818,
        1678219076.5966852,
        1691835686.1878452,
        1669569514.7845304
    ],
    "r2_scores_all": [
        [
            0.5377479493618011,
            0.43027257919311523
        ],
        [
            0.5519669353961945,
            0.3943858742713928
        ],
        [
            0.5380672812461853,
            0.428167462348938
        ],
        [
            0.5399477779865265,
            0.4028818607330322
        ],
        [
            0.5633317232131958,
            0.4393594264984131
        ]
    ],
    "average_mse": 1569425979.2162917,
    "mse_std": 135703639.62440038,
    "average_r2_by_target": {
        "meanLineIntensity": {
            "mean": 0.5462123334407807,
            "std": 0.010034154453402784
        },
        "meanNumPixels15": {
            "mean": 0.41901344060897827,
            "std": 0.017270022295826585
        }
    }
}