{
    "input_features": [
        "Wall",
        "Overhang",
        "NoLines",
        "Power",
        "d_edge_right",
        "d_edge_left",
        "d_over_left",
        "d_over_right",
        "d_col",
        "d_over_z"
    ],
    "target_variables": [
        "meanLineIntensity",
        "meanNumPixels15"
    ],
    "val_scores": [
        1247722677.5977962,
        1187177678.9862258,
        1513161806.4972377,
        1525113595.4033148,
        1412286409.5469613
    ],
    "r2_scores_all": [
        [
            0.5928759276866913,
            0.4748139977455139
        ],
        [
            0.6175748407840729,
            0.47234046459198
        ],
        [
            0.5835001170635223,
            0.4793608784675598
        ],
        [
            0.5852880477905273,
            0.4237546920776367
        ],
        [
            0.6306264400482178,
            0.4953511953353882
        ]
    ],
    "average_mse": 1377092433.6063073,
    "mse_std": 137453921.23419812,
    "average_r2_by_target": {
        "meanLineIntensity": {
            "mean": 0.6019730746746064,
            "std": 0.01879802554158947
        },
        "meanNumPixels15": {
            "mean": 0.4691242456436157,
            "std": 0.024057245377591022
        }
    }
}