{
    "input_features": [
        "Z",
        "d_edge_left",
        "d_edge_right",
        "NoLines",
        "d_over_left"
    ],
    "target_variables": [
        "meanLineIntensity",
        "meanNumPixels15"
    ],
    "val_scores": [
        494620024.9476584,
        508672309.06887054,
        665622418.2099447,
        569409406.9392265,
        600750264.5745857
    ],
    "r2_scores_all": [
        [
            0.8386094719171524,
            0.7852624803781509
        ],
        [
            0.8361424654722214,
            0.7666461616754532
        ],
        [
            0.816791445016861,
            0.7303795218467712
        ],
        [
            0.8451661914587021,
            0.7754187881946564
        ],
        [
            0.8428799360990524,
            0.769277036190033
        ]
    ],
    "average_mse": 567814884.7480571,
    "mse_std": 62464273.158986546,
    "average_r2_by_target": {
        "meanLineIntensity": {
            "mean": 0.8359179019927978,
            "std": 0.010070919628396933
        },
        "meanNumPixels15": {
            "mean": 0.765396797657013,
            "std": 0.018643564095997205
        }
    }
}