{
    "input_features": [
        "prev_medianMLength30",
        "d_edge_right",
        "prev_meanLineIntensity",
        "Z",
        "Power"
    ],
    "target_variables": [
        "medianMLength30",
        "meanLineIntensity"
    ],
    "val_scores": [
        3696915598.1499367,
        3842013107.5578146,
        3712642036.6149936,
        3259214358.444727,
        3657634586.3481574
    ],
    "r2_scores_all": [
        [
            0.5416595339775085,
            0.7095166146755219
        ],
        [
            0.5738848149776459,
            0.7258569300174713
        ],
        [
            0.5148211717605591,
            0.7020787298679352
        ],
        [
            0.5568276047706604,
            0.726876825094223
        ],
        [
            0.5624694526195526,
            0.7259799242019653
        ]
    ],
    "average_mse": 3633683937.4231253,
    "mse_std": 197197751.83275336,
    "average_r2_by_target": {
        "medianMLength30": {
            "mean": 0.5499325156211853,
            "std": 0.020394501127105263
        },
        "meanLineIntensity": {
            "mean": 0.7180618047714233,
            "std": 0.010292173078168463
        }
    }
}