{
    "input_features": [
        "Z",
        "Y_Start",
        "Wall",
        "Overhang",
        "Power",
        "d_edge",
        "d_over",
        "d_col",
        "d_over_z"
    ],
    "target_variables": [
        "Median_meltLength",
        "meanNumPixels15"
    ],
    "val_scores": [
        108395.32601584023,
        111140.44167527548,
        109483.26465383287,
        120289.90689744476,
        99554.06349274862
    ],
    "r2_scores_all": [
        [
            0.678156703710556,
            0.7341211438179016
        ],
        [
            0.5194364190101624,
            0.7165722548961639
        ],
        [
            0.5947011709213257,
            0.7508473098278046
        ],
        [
            0.6379886865615845,
            0.7233456969261169
        ],
        [
            0.6903192698955536,
            0.7794026881456375
        ]
    ],
    "average_mse": 109772.60054702839,
    "mse_std": 6616.401168969006,
    "average_r2_by_target": {
        "Median_meltLength": {
            "mean": 0.6241204500198364,
            "std": 0.06215910035023641
        },
        "meanNumPixels15": {
            "mean": 0.7408578187227249,
            "std": 0.022482627516971065
        }
    }
}