{
    "input_features": [
        "Z"
    ],
    "target_variables": [
        "meanLineIntensity",
        "meanNumPixels15"
    ],
    "val_scores": [
        839791660.2534435,
        906509392.3966942,
        1154083293.3480663,
        1046480391.4254143,
        1090738986.4309392
    ],
    "r2_scores_all": [
        [
            0.7259798943996429,
            0.6567980945110321
        ],
        [
            0.7079846262931824,
            0.6114643216133118
        ],
        [
            0.6823380291461945,
            0.5948694944381714
        ],
        [
            0.7154397368431091,
            0.5983088314533234
        ],
        [
            0.7147252857685089,
            0.6076826751232147
        ]
    ],
    "average_mse": 1007520744.7709115,
    "mse_std": 116841815.76764166,
    "average_r2_by_target": {
        "meanLineIntensity": {
            "mean": 0.7092935144901276,
            "std": 0.014656239909040192
        },
        "meanNumPixels15": {
            "mean": 0.6138246834278107,
            "std": 0.022316139837183994
        }
    }
}