{
    "input_features": [
        "Z",
        "Wall",
        "Overhang",
        "NoLines",
        "Power",
        "d_edge_right",
        "d_edge_left",
        "d_over_left",
        "d_over_right",
        "d_col",
        "d_over_z"
    ],
    "target_variables": [
        "meanLineIntensity",
        "meanNumPixels15"
    ],
    "val_scores": [
        1886269977.085427,
        1873296302.954774,
        1852140065.4472363,
        2227691851.8994975,
        1760755130.3576827
    ],
    "r2_scores_all": [
        [
            0.7191655039787292,
            0.5355587303638458
        ],
        [
            0.741360604763031,
            0.6402295231819153
        ],
        [
            0.6769720315933228,
            0.43766987323760986
        ],
        [
            0.6601914465427399,
            0.46783167123794556
        ],
        [
            0.7026011943817139,
            0.5409524440765381
        ]
    ],
    "average_mse": 1920030665.5489235,
    "mse_std": 159973197.76254818,
    "average_r2_by_target": {
        "meanLineIntensity": {
            "mean": 0.7000581562519074,
            "std": 0.028981972768892365
        },
        "meanNumPixels15": {
            "mean": 0.524448448419571,
            "std": 0.07005292011000701
        }
    }
}