{
    "input_features": [
        "Wall",
        "Overhang",
        "Z",
        "Y_Start"
    ],
    "target_variables": [
        "Median_meltLength",
        "meanNumPixels15"
    ],
    "val_scores": [
        88107.06719180441,
        105380.27832300276,
        103747.93365849447,
        101542.64442334254,
        96756.57771495165
    ],
    "r2_scores_all": [
        [
            0.6584347188472748,
            0.7838873565196991
        ],
        [
            0.6385387480258942,
            0.7312597036361694
        ],
        [
            0.6205530762672424,
            0.763899177312851
        ],
        [
            0.5864274799823761,
            0.7664653807878494
        ],
        [
            0.6681213974952698,
            0.7856022119522095
        ]
    ],
    "average_mse": 99106.90026231916,
    "mse_std": 6218.483039302983,
    "average_r2_by_target": {
        "Median_meltLength": {
            "mean": 0.6344150841236115,
            "std": 0.02906898151078424
        },
        "meanNumPixels15": {
            "mean": 0.7662227660417557,
            "std": 0.01957280940398024
        }
    }
}