{
    "input_features": [
        "Z",
        "d_edge",
        "Y_Start",
        "Wall"
    ],
    "target_variables": [
        "Median_meltLength",
        "meanNumPixels15"
    ],
    "val_scores": [
        100916.04491649449,
        113165.01691632232,
        122567.99259754835,
        123320.46676450277,
        109097.34819578729
    ],
    "r2_scores_all": [
        [
            0.6656858623027802,
            0.7524676322937012
        ],
        [
            0.5803836286067963,
            0.7114077508449554
        ],
        [
            0.6180000901222229,
            0.721068412065506
        ],
        [
            0.5608274936676025,
            0.7163776159286499
        ],
        [
            0.7157459259033203,
            0.7582549005746841
        ]
    ],
    "average_mse": 113813.37387813104,
    "mse_std": 8438.370973162919,
    "average_r2_by_target": {
        "Median_meltLength": {
            "mean": 0.6281286001205444,
            "std": 0.05656668926033274
        },
        "meanNumPixels15": {
            "mean": 0.7319152623414993,
            "std": 0.01947206767474194
        }
    }
}