{
    "input_features": [
        "Z",
        "Wall",
        "Overhang",
        "NoLines",
        "Power",
        "d_edge_right",
        "d_edge_left",
        "d_over_left",
        "d_over_right",
        "d_col",
        "d_over_z"
    ],
    "target_variables": [
        "meanLineIntensity",
        "meanNumPixels15"
    ],
    "val_scores": [
        839913584.4848485,
        778244160.5289257,
        1024282102.0994475,
        1156094476.7292817,
        977411582.2320442
    ],
    "r2_scores_all": [
        [
            0.7259438931941986,
            0.6283004879951477
        ],
        [
            0.7492997646331787,
            0.6913820505142212
        ],
        [
            0.7180684506893158,
            0.6186821758747101
        ],
        [
            0.6856333911418915,
            0.5557342171669006
        ],
        [
            0.7443673610687256,
            0.6302269995212555
        ]
    ],
    "average_mse": 955189181.2149096,
    "mse_std": 134334365.0270291,
    "average_r2_by_target": {
        "meanLineIntensity": {
            "mean": 0.724662572145462,
            "std": 0.022643635535863006
        },
        "meanNumPixels15": {
            "mean": 0.624865186214447,
            "std": 0.04308680557862287
        }
    }
}