{
    "input_features": [
        "Z",
        "Wall",
        "Overhang",
        "NoLines",
        "Power",
        "d_edge_right",
        "d_edge_left",
        "d_over_left",
        "d_over_right",
        "d_col",
        "d_over_z"
    ],
    "target_variables": [
        "meanLineIntensity",
        "meanNumPixels15"
    ],
    "val_scores": [
        705746873.3002754,
        715990377.9614325,
        942639677.878453,
        763376511.2044199,
        809262441.0165746
    ],
    "r2_scores_all": [
        [
            0.7697182446718216,
            0.7104543745517731
        ],
        [
            0.7693573832511902,
            0.6884457170963287
        ],
        [
            0.740538090467453,
            0.6682449877262115
        ],
        [
            0.7924235761165619,
            0.6911585032939911
        ],
        [
            0.7883429825305939,
            0.7121807932853699
        ]
    ],
    "average_mse": 787403176.2722311,
    "mse_std": 85931390.18776461,
    "average_r2_by_target": {
        "meanLineIntensity": {
            "mean": 0.7720760554075241,
            "std": 0.018364248960151666
        },
        "meanNumPixels15": {
            "mean": 0.6940968751907348,
            "std": 0.01614611768624121
        }
    }
}