Feature,Importance,Std
Z,0.018925911024212837,0.001981806357870946
d_over,0.0059840170964598665,0.002110132804171671
d_edge,0.0056977916136384,0.0007922385046713101
Y_Start,0.004582014635205269,0.0012225165315666794
d_over_z,0.002430208642035723,0.0009772631722611842
Wall,0.0013622904680669309,0.0010902042041670674
d_col,0.0010635719262063502,0.00048556118110429456
Overhang,0.00041828063875436785,0.0003230757833016947
Power,0.0,0.0
