{
    "input_features": [
        "Wall",
        "Overhang",
        "NoLines",
        "Power",
        "d_edge_right",
        "d_edge_left",
        "d_over_left",
        "d_over_right",
        "d_col",
        "d_over_z"
    ],
    "target_variables": [
        "medianMLength60",
        "meanNumPixels60"
    ],
    "val_scores": [
        33484.25202182789,
        30236.909410332915,
        38129.07494503769,
        35623.075357255024,
        35725.91650759603
    ],
    "r2_scores_all": [
        [
            0.5364878475666046,
            0.5070663392543793
        ],
        [
            0.4194108843803406,
            0.4555734395980835
        ],
        [
            0.4267538785934448,
            0.3932648301124573
        ],
        [
            0.4348081350326538,
            0.53376704454422
        ],
        [
            0.43043971061706543,
            0.4426373839378357
        ]
    ],
    "average_mse": 34639.84564840991,
    "mse_std": 2647.3479485078315,
    "average_r2_by_target": {
        "medianMLength60": {
            "mean": 0.44958009123802184,
            "std": 0.04374640555893415
        },
        "meanNumPixels60": {
            "mean": 0.46646180748939514,
            "std": 0.04944224943280872
        }
    }
}