{
    "input_features": [
        "Y_Start",
        "Wall",
        "Overhang",
        "Power",
        "d_edge",
        "d_over",
        "d_col",
        "d_over_z"
    ],
    "target_variables": [
        "meanLineIntensity",
        "meanNumPixels15"
    ],
    "val_scores": [
        1430295294.9421487,
        1380715376.4848485,
        1797908685.7900553,
        1795253769.9005525,
        1773703286.80663
    ],
    "r2_scores_all": [
        [
            0.5333035886287689,
            0.3982887268066406
        ],
        [
            0.5552281141281128,
            0.406053364276886
        ],
        [
            0.5051178336143494,
            0.42507946491241455
        ],
        [
            0.5118207037448883,
            0.4083705544471741
        ],
        [
            0.5360918343067169,
            0.43889063596725464
        ]
    ],
    "average_mse": 1635575282.784847,
    "mse_std": 188691358.42523152,
    "average_r2_by_target": {
        "meanLineIntensity": {
            "mean": 0.5283124148845673,
            "std": 0.017999173226983946
        },
        "meanNumPixels15": {
            "mean": 0.415336549282074,
            "std": 0.014663221089427993
        }
    }
}