{
    "input_features": [
        "Z",
        "Y_Start",
        "Wall",
        "Overhang",
        "Power",
        "d_edge",
        "d_over",
        "d_col",
        "d_over_z"
    ],
    "target_variables": [
        "meanLineIntensity",
        "meanNumPixels15"
    ],
    "val_scores": [
        638999990.6556474,
        590824452.2314049,
        733526735.558011,
        662100332.198895,
        632958014.2320442
    ],
    "r2_scores_all": [
        [
            0.7914970815181732,
            0.7402903735637665
        ],
        [
            0.8096763789653778,
            0.7493643164634705
        ],
        [
            0.7980976849794388,
            0.7314212620258331
        ],
        [
            0.8199577480554581,
            0.7717499136924744
        ],
        [
            0.8344527035951614,
            0.7874526679515839
        ]
    ],
    "average_mse": 651681904.9752004,
    "mse_std": 46951388.70955327,
    "average_r2_by_target": {
        "meanLineIntensity": {
            "mean": 0.8107363194227218,
            "std": 0.015352579286590685
        },
        "meanNumPixels15": {
            "mean": 0.7560557067394257,
            "std": 0.02065068330857177
        }
    }
}