{
    "input_features": [
        "Z",
        "Y_Start",
        "Wall",
        "Overhang",
        "Power",
        "d_edge",
        "d_over",
        "d_col",
        "d_over_z"
    ],
    "target_variables": [
        "Median_meltLength",
        "meanNumPixels15"
    ],
    "val_scores": [
        95334.64350895317,
        113392.20280216943,
        127875.60786429558,
        120012.67783149172,
        112218.02095562845
    ],
    "r2_scores_all": [
        [
            0.6678881645202637,
            0.7661583870649338
        ],
        [
            0.5868116617202759,
            0.7108282446861267
        ],
        [
            0.5303843915462494,
            0.7089914679527283
        ],
        [
            0.6458304524421692,
            0.7239831387996674
        ],
        [
            0.6838549077510834,
            0.7513404488563538
        ]
    ],
    "average_mse": 113766.63059250769,
    "mse_std": 10773.605539403981,
    "average_r2_by_target": {
        "Median_meltLength": {
            "mean": 0.6229539155960083,
            "std": 0.05679213468069325
        },
        "meanNumPixels15": {
            "mean": 0.732260337471962,
            "std": 0.022726263768568664
        }
    }
}