{
    "input_features": [
        "Z",
        "Y_Start",
        "Wall",
        "Overhang",
        "Power",
        "d_edge",
        "d_over",
        "d_col",
        "d_over_z"
    ],
    "target_variables": [
        "Median_meltLength",
        "meanNumPixels15"
    ],
    "val_scores": [
        104195.69985365013,
        114229.14983643251,
        122021.81310428177,
        113534.90538674033,
        102325.65564571823
    ],
    "r2_scores_all": [
        [
            0.639965146780014,
            0.7444234788417816
        ],
        [
            0.54856076836586,
            0.7086946666240692
        ],
        [
            0.6022963225841522,
            0.7223117649555206
        ],
        [
            0.47989267110824585,
            0.7388863265514374
        ],
        [
            0.744694322347641,
            0.7732598185539246
        ]
    ],
    "average_mse": 111261.4447653646,
    "mse_std": 7204.644359344445,
    "average_r2_by_target": {
        "Median_meltLength": {
            "mean": 0.6030818462371826,
            "std": 0.08895303153650934
        },
        "meanNumPixels15": {
            "mean": 0.7375152111053467,
            "std": 0.02185886383765478
        }
    }
}